id	path	name	link	musescore_version	imslp	set_id
7313978	Andrée,_Elfrida/String_Quartet_in_A_major	String Quartet in A major	https://musescore.com/openscore-string-quartets/scores/7313978	3.6.2	#415720	5108429
13744399	Arriaga,_Juan_Crisóstomo_de/String_Quartet_No.1_in_D_minor	String Quartet No.1 in D minor	https://musescore.com/openscore-string-quartets/scores/13744399	3.6.2	#33857	5116346
34038344	Arriaga,_Juan_Crisóstomo_de/String_Quartet_No.2_in_A_major	String Quartet No.2 in A major	https://musescore.com/openscore-string-quartets/scores/34038344	4.6.5	#576843	5116349
7383977	Arriaga,_Juan_Crisóstomo_de/String_Quartet_No.3_in_E-flat_Major	String Quartet No.3 in E-flat Major	https://musescore.com/openscore-string-quartets/scores/7383977	3.6.2	#576844	5116350
7295726	Bartók,_Béla/String_Quartet_No.1,_Op.7_(Sz.40)	String Quartet No.1, Op.7 (Sz.40)	https://musescore.com/openscore-string-quartets/scores/7295726	3.6.2	#18895	5108579
8741475	Bartók,_Béla/String_Quartet_No.2,_Op.17_(Sz.67)	String Quartet No.2, Op.17 (Sz.67)	https://musescore.com/openscore-string-quartets/scores/8741475	3.6.2	#18943	5530433
14387632	Beach,_Amy/String_Quartet,_Op._89	String Quartet, Op. 89	https://musescore.com/openscore-string-quartets/scores/14387632	3.6.2	#843310	6406540
10502527	Beethoven,_Ludwig_van/Grosse_Fuge_in_B-flat_major,_Op.133	Grosse Fuge in B-flat major, Op.133	https://musescore.com/openscore-string-quartets/scores/10502527	3.6.2	#04771	5108656
8071278	Beethoven,_Ludwig_van/String_Quartet_No.1,_Op.18_No.1	String Quartet No.1, Op.18 No.1	https://musescore.com/openscore-string-quartets/scores/8071278	3.6.2	#04755	5108454
10527526	Beethoven,_Ludwig_van/String_Quartet_No.12,_Op.127	String Quartet No.12, Op.127	https://musescore.com/openscore-string-quartets/scores/10527526	3.6.2	#04766	5108657
11539384	Beethoven,_Ludwig_van/String_Quartet_No.13_in_B♭_major,_Op.130	String Quartet No.13 in B♭ major, Op.130	https://musescore.com/openscore-string-quartets/scores/11539384	3.6.2	#04767	5108658
20090908	Beethoven,_Ludwig_van/String_Quartet_No.14_in_C♯_minor,_Op.131	String Quartet No.14 in C♯ minor, Op.131	https://musescore.com/openscore-string-quartets/scores/20090908	4.7.3	#04768 	5108659
12397213	Beethoven,_Ludwig_van/String_Quartet_No.16_in_F_major,_Op.135	String Quartet No.16 in F major, Op.135	https://musescore.com/openscore-string-quartets/scores/12397213	4.7.3	#04770	5108661
8853405	Beethoven,_Ludwig_van/String_Quartet_No.2,_Op.18_No.2	String Quartet No.2, Op.18 No.2	https://musescore.com/openscore-string-quartets/scores/8853405	3.6.2	#04756	5108476
8907120	Beethoven,_Ludwig_van/String_Quartet_No.3,_Op.18_No.3	String Quartet No.3, Op.18 No.3	https://musescore.com/openscore-string-quartets/scores/8907120	3.6.2	#04757	5108477
8913219	Beethoven,_Ludwig_van/String_Quartet_No.4,_Op.18_No.4	String Quartet No.4, Op.18 No.4	https://musescore.com/openscore-string-quartets/scores/8913219	3.6.2	#04758	5108478
9396439	Beethoven,_Ludwig_van/String_Quartet_No.5,_Op.18_No.5	String Quartet No.5, Op.18 No.5	https://musescore.com/openscore-string-quartets/scores/9396439	3.6.2	#04759	5108479
9719026	Beethoven,_Ludwig_van/String_Quartet_No.6,_Op.18_No.6	String Quartet No.6, Op.18 No.6	https://musescore.com/openscore-string-quartets/scores/9719026	3.6.2	#04760	5108480
7872392	Beethoven,_Ludwig_van/String_Quartet_No.9,_Op.59_No.3	String Quartet No.9, Op.59 No.3	https://musescore.com/openscore-string-quartets/scores/7872392	3.6.2	#04763	5193359
8955300	Berg,_Alban/String_Quartet,_Op.3	String Quartet, Op.3	https://musescore.com/openscore-string-quartets/scores/8955300	3.6.2	#22756	5108455
8454356	Boccherini,_Luigi/String_Quartet_in_A_major,_G.213_(Op.39)	String Quartet in A major, G.213 (Op.39)	https://musescore.com/openscore-string-quartets/scores/8454356	3.6.2	#78818	5108580
8811375	Borodin,_Alexander/String_Quartet_No.1	String Quartet No.1	https://musescore.com/openscore-string-quartets/scores/8811375	3.6.2	#114629	5108581
10675759	Borodin,_Alexander/String_Quartet_No.2	String Quartet No.2	https://musescore.com/openscore-string-quartets/scores/10675759	3.6.2	#644692	5108662
7108150	Brahms,_Johannes/String_Quartet_No.1,_Op.51_No.1	String Quartet No.1, Op.51 No.1	https://musescore.com/openscore-string-quartets/scores/7108150	4.7.4	#242305	5108531
7302602	Brahms,_Johannes/String_Quartet_No.2,_Op.51_No.2	String Quartet No.2, Op.51 No.2	https://musescore.com/openscore-string-quartets/scores/7302602	3.6.2	#242310	5108532
8928855	Brahms,_Johannes/String_Quartet_No.3,_Op.67	String Quartet No.3, Op.67	https://musescore.com/openscore-string-quartets/scores/8928855	3.6.2	#242312	5108542
8938822	Bridge,_Frank/String_Quartet_No.1,_H.70	String Quartet No.1, H.70	https://musescore.com/openscore-string-quartets/scores/8938822	3.6.2	#405431	5108724
9094235	Bridge,_Frank/String_Quartet_No.2,_H.115	String Quartet No.2, H.115	https://musescore.com/openscore-string-quartets/scores/9094235	3.6.2	#71919	5683980
11154985	Busoni,_Ferruccio/String_Quartet_No.1,_Op.19,_BV_208	String Quartet No.1, Op.19, BV 208	https://musescore.com/openscore-string-quartets/scores/11154985	3.6.2	#33482	5108682
22638631	Busoni,_Ferruccio/String_Quartet_No.2,_Op.26,_BV_225	String Quartet No.2, Op.26, BV 225	https://musescore.com/openscore-string-quartets/scores/22638631	3.6.2	#177534	5108683
7330550	Carreño,_Teresa/String_Quartet	String Quartet	https://musescore.com/openscore-string-quartets/scores/7330550	3.6.2	#65072	5108430
11164006	Cherubini,_Luigi/String_Quartet_No.1	String Quartet No.1	https://musescore.com/openscore-string-quartets/scores/11164006	3.6.2	#05713	5108725
25403263	Cras,_Jean/String_Quartet	String Quartet	https://musescore.com/openscore-string-quartets/scores/25403263	4.6.3	#380418	7377046
8661306	Debussy,_Claude/String_Quartet_in_G_minor,_Op.10	String Quartet in G minor, Op.10	https://musescore.com/openscore-string-quartets/scores/8661306	3.6.2	#11939	5108549
9790696	Delius,_Frederick/String_Quartet_in_E_minor	String Quartet in E minor	https://musescore.com/openscore-string-quartets/scores/9790696	3.6.2	#95663	5108663
19626475	Dittersdorf,_Carl_Ditters_von/String_Quartet_in_B-flat_major,_Kr.192	String Quartet in B-flat major, Kr.192	https://musescore.com/openscore-string-quartets/scores/19626475	3.6.2	#05716	5108726
27449398	Dittersdorf,_Carl_Ditters_von/String_Quartet_in_D_major,_Kr.191	String Quartet in D major, Kr.191	https://musescore.com/openscore-string-quartets/scores/27449398	4.5.2	#05715	5108727
35678303	Dittersdorf,_Carl_Ditters_von/String_Quartet_in_G_major,_Kr.193	String Quartet in G major, Kr.193	https://musescore.com/openscore-string-quartets/scores/35678303	4.7.4	#06724	14761979
24409123	Dvořák,_Antonín/Echo_of_Songs,_B.152	Echo of Songs, B.152	https://musescore.com/openscore-string-quartets/scores/24409123	4.7.4	#397407	13125367
24602446	Dvořák,_Antonín/Echo_of_Songs,_B.152	Echo of Songs, B.152	https://musescore.com/openscore-string-quartets/scores/24602446	4.7.4	#397407	13125367
24619027	Dvořák,_Antonín/Echo_of_Songs,_B.152	Echo of Songs, B.152	https://musescore.com/openscore-string-quartets/scores/24619027	4.7.4	#397407	13125367
24838828	Dvořák,_Antonín/Echo_of_Songs,_B.152	Echo of Songs, B.152	https://musescore.com/openscore-string-quartets/scores/24838828	4.7.4	#397407	13125367
24883141	Dvořák,_Antonín/Echo_of_Songs,_B.152	Echo of Songs, B.152	https://musescore.com/openscore-string-quartets/scores/24883141	4.7.4	#397407	13125367
25022848	Dvořák,_Antonín/Echo_of_Songs,_B.152	Echo of Songs, B.152	https://musescore.com/openscore-string-quartets/scores/25022848	4.7.4	#397407	13125367
25601941	Dvořák,_Antonín/Echo_of_Songs,_B.152	Echo of Songs, B.152	https://musescore.com/openscore-string-quartets/scores/25601941	4.7.4	#397407	13125367
25820692	Dvořák,_Antonín/Echo_of_Songs,_B.152	Echo of Songs, B.152	https://musescore.com/openscore-string-quartets/scores/25820692	4.7.4	#397407	13125367
26037754	Dvořák,_Antonín/Echo_of_Songs,_B.152	Echo of Songs, B.152	https://musescore.com/openscore-string-quartets/scores/26037754	4.7.4	#397407	13125367
26040274	Dvořák,_Antonín/Echo_of_Songs,_B.152	Echo of Songs, B.152	https://musescore.com/openscore-string-quartets/scores/26040274	4.7.4	#397407	13125367
26052745	Dvořák,_Antonín/Echo_of_Songs,_B.152	Echo of Songs, B.152	https://musescore.com/openscore-string-quartets/scores/26052745	4.7.4	#397407	13125367
26052757	Dvořák,_Antonín/Echo_of_Songs,_B.152	Echo of Songs, B.152	https://musescore.com/openscore-string-quartets/scores/26052757	4.7.4	#397407	13125367
9137469	Dvořák,_Antonín/String_Quartet_No.10,_Op.51	String Quartet No.10, Op.51	https://musescore.com/openscore-string-quartets/scores/9137469	3.6.2	#407265	5770845
27306844	Dvořák,_Antonín/String_Quartet_No.11,_Op.61	String Quartet No.11, Op.61	https://musescore.com/openscore-string-quartets/scores/27306844	4.7.4	#316927	7369789
8885439	Dvořák,_Antonín/String_Quartet_No.12,_Op.96_(“American”)	String Quartet No.12, Op.96 (“American”)	https://musescore.com/openscore-string-quartets/scores/8885439	3.6.2	#96276	5108664
23996920	Dvořák,_Antonín/String_Quartet_No.14,_Op.105	String Quartet No.14, Op.105	https://musescore.com/openscore-string-quartets/scores/23996920	4.5.2	#54456	7369798
24807751	Dvořák,_Antonín/String_Quartet_No.8,_Op.80	String Quartet No.8, Op.80	https://musescore.com/openscore-string-quartets/scores/24807751	4.5.2	#327645	7376728
28001095	Dvořák,_Antonín/String_Quartet_No.9,_Op.34	String Quartet No.9, Op.34	https://musescore.com/openscore-string-quartets/scores/28001095	4.6.3	#12428	7369786
7362818	Elgar,_Edward/String_Quartet,_Op.83	String Quartet, Op.83	https://musescore.com/openscore-string-quartets/scores/7362818	3.6.2	#17231	5108550
7358708	Fauré,_Gabriel/String_Quartet,_Op.121	String Quartet, Op.121	https://musescore.com/openscore-string-quartets/scores/7358708	3.6.2	#23028	5108666
26652775	Franck,_César/String_Quartet	String Quartet	https://musescore.com/openscore-string-quartets/scores/26652775	4.6.5	#01665	5108685
7358579	Glazunov,_Alexander/String_Quartet_No.1,_Op.1	String Quartet No.1, Op.1	https://musescore.com/openscore-string-quartets/scores/7358579	3.6.2	#65357	5108543
14720995	Glinka,_Mikhail/String_Quartet	String Quartet	https://musescore.com/openscore-string-quartets/scores/14720995	3.6.2	#40373	5108728
27571393	Gossec,_François_Joseph/String_Quartet_in_C_minor,_RH_189	String Quartet in C minor, RH 189	https://musescore.com/openscore-string-quartets/scores/27571393	4.5.2	#355492	5108729
7434431	Gounod,_Charles/String_Quartet_No.3_in_A_minor	String Quartet No.3 in A minor	https://musescore.com/openscore-string-quartets/scores/7434431	3.6.2	#88976	5108686
10406164	Gouvy,_Théodore/String_Quartet,_Op.16_No.1	String Quartet, Op.16 No.1	https://musescore.com/openscore-string-quartets/scores/10406164	3.6.2	#16842	5108687
9631717	Grieg,_Edvard/String_Quartet_No.1,_Op.27	String Quartet No.1, Op.27	https://musescore.com/openscore-string-quartets/scores/9631717	3.6.2	#40157	5108691
19815031	Haydn,_Joseph/Die_Worte_des_Erlösers_am_Kreuze,_Hob.III50–56,_Op.51	Die Worte des Erlösers am Kreuze, Hob.III:50–56, Op.51	https://musescore.com/openscore-string-quartets/scores/19815031	3.6.2	#889028	11931955
9146376	Haydn,_Joseph/String_Quartet_in_A_major,_Hob.III24,_Op.9_No.6	String Quartet in A major, Hob.III:24, Op.9 No.6	https://musescore.com/openscore-string-quartets/scores/9146376	3.6.2	#106807	5769936
8796660	Haydn,_Joseph/String_Quartet_in_A_major,_Hob.III36,_Op.20_No.6	String Quartet in A major, Hob.III:36, Op.20 No.6	https://musescore.com/openscore-string-quartets/scores/8796660	3.6.2	#05273	5178725
25463992	Haydn,_Joseph/String_Quartet_in_A_major,_Hob.III7,_Op.2_No.1	String Quartet in A major, Hob.III:7, Op.2 No.1	https://musescore.com/openscore-string-quartets/scores/25463992	3.6.2	#887271	13166836
34642829	Haydn,_Joseph/String_Quartet_in_B-flat_major,_Hob.III12,_Op.2_No.6	String Quartet in B-flat major, Hob.III:12, Op.2 No.6	https://musescore.com/openscore-string-quartets/scores/34642829	4.7.4	#887276	13166941
9647458	Haydn,_Joseph/String_Quartet_in_B-flat_major,_Hob.III23,_Op.9_No.5	String Quartet in B-flat major, Hob.III:23, Op.9 No.5	https://musescore.com/openscore-string-quartets/scores/9647458	4.7.4	#106806	5769900
8556926	Haydn,_Joseph/String_Quartet_in_B-flat_major,_Hob.III5,_Op.1_No.5	String Quartet in B-flat major, Hob.III:5, Op.1 No.5	https://musescore.com/openscore-string-quartets/scores/8556926	3.6.2	#106789	5470754
7123582	Haydn,_Joseph/String_Quartet_in_B-flat_major,_Hob.III67,_Op.64_No.3	String Quartet in B-flat major, Hob.III:67, Op.64 No.3	https://musescore.com/openscore-string-quartets/scores/7123582	3.6.2	#06537	5108563
17317312	Haydn,_Joseph/String_Quartet_in_B-flat_major,_Hob.III78,_Op.76_No.4	String Quartet in B-flat major, Hob.III:78, Op.76 No.4	https://musescore.com/openscore-string-quartets/scores/17317312	4.5.2	#28080	6403771
8461409	Haydn,_Joseph/String_Quartet_in_B-flat_major_(“La_Chasse”),_Hob._III1,_Op.1_No.1	String Quartet in B-flat major (“La Chasse”), Hob. III:1, Op.1 No.1	https://musescore.com/openscore-string-quartets/scores/8461409	3.6.2	#106785	5446197
7114183	Haydn,_Joseph/String_Quartet_in_B_minor,_Hob.III68,_Op.64_No.2	String Quartet in B minor, Hob.III:68, Op.64 No.2	https://musescore.com/openscore-string-quartets/scores/7114183	3.6.2	#06536	5108562
9961690	Haydn,_Joseph/String_Quartet_in_C_major,_Hob.III19,_Op.9_No.1	String Quartet in C major, Hob.III:19, Op.9 No.1	https://musescore.com/openscore-string-quartets/scores/9961690	3.6.2	#106803	5769894
8088531	Haydn,_Joseph/String_Quartet_in_C_major,_Hob.III32,_Op.20_No.2	String Quartet in C major, Hob.III:32, Op.20 No.2	https://musescore.com/openscore-string-quartets/scores/8088531	3.6.2	#05269	5178617
8806134	Haydn,_Joseph/String_Quartet_in_C_major,_Hob.III6,_Op.1_No.6	String Quartet in C major, Hob.III:6, Op.1 No.6	https://musescore.com/openscore-string-quartets/scores/8806134	3.6.2	#106790	5470757
7127785	Haydn,_Joseph/String_Quartet_in_C_major,_Hob.III65,_Op.64_No.1	String Quartet in C major, Hob.III:65, Op.64 No.1	https://musescore.com/openscore-string-quartets/scores/7127785	3.6.2	#06535	5108561
10372717	Haydn,_Joseph/String_Quartet_in_C_major,_Hob.III72,_Op.74_No.1	String Quartet in C major, Hob.III:72, Op.74 No.1	https://musescore.com/openscore-string-quartets/scores/10372717	3.6.2	#24480	5954362
20428156	Haydn,_Joseph/String_Quartet_in_C_major,_Hob.III77,_Op.76_No.3	String Quartet in C major, Hob.III:77, Op.76 No.3	https://musescore.com/openscore-string-quartets/scores/20428156	3.6.2	#28079	6403741
8806746	Haydn,_Joseph/String_Quartet_in_D_major,_Hob.III3,_Op.1_No.3	String Quartet in D major, Hob.III:3, Op.1 No.3	https://musescore.com/openscore-string-quartets/scores/8806746	3.6.2	#106787	5470649
8509238	Haydn,_Joseph/String_Quartet_in_D_major,_Hob.III34,_Op.20_No.4	String Quartet in D major, Hob.III:34, Op.20 No.4	https://musescore.com/openscore-string-quartets/scores/8509238	3.6.2	#05271	5178650
7284122	Haydn,_Joseph/String_Quartet_in_D_major,_Hob.III63,_Op.64_No.5	String Quartet in D major, Hob.III:63, Op.64 No.5	https://musescore.com/openscore-string-quartets/scores/7284122	3.6.2	#06557	5108566
22641487	Haydn,_Joseph/String_Quartet_in_D_major,_Hob.III79,_Op.76_No.5	String Quartet in D major, Hob.III:79, Op.76 No.5	https://musescore.com/openscore-string-quartets/scores/22641487	4.5.0	#28081	6403780
10414906	Haydn,_Joseph/String_Quartet_in_D_minor,_Hob.III22,_Op.9_No.4	String Quartet in D minor, Hob.III:22, Op.9 No.4	https://musescore.com/openscore-string-quartets/scores/10414906	3.6.2	#106805	5769912
12772795	Haydn,_Joseph/String_Quartet_in_D_minor,_Hob.III76,_Op.76_No.2	String Quartet in D minor, Hob.III:76, Op.76 No.2	https://musescore.com/openscore-string-quartets/scores/12772795	3.6.2	#28078	6403711
8806881	Haydn,_Joseph/String_Quartet_in_E-flat_major,_Hob.III2,_Op.1_No.2	String Quartet in E-flat major, Hob.III:2, Op.1 No.2	https://musescore.com/openscore-string-quartets/scores/8806881	3.6.2	#106786	5446206
10328092	Haydn,_Joseph/String_Quartet_in_E-flat_major,_Hob.III20,_Op.9_No.2	String Quartet in E-flat major, Hob.III:20, Op.9 No.2	https://musescore.com/openscore-string-quartets/scores/10328092	3.6.2	#218820	5769909
8075304	Haydn,_Joseph/String_Quartet_in_E-flat_major,_Hob.III31,_Op.20_No.1	String Quartet in E-flat major, Hob.III:31, Op.20 No.1	https://musescore.com/openscore-string-quartets/scores/8075304	3.6.2	#05268	5178593
7300376	Haydn,_Joseph/String_Quartet_in_E-flat_major,_Hob.III64,_Op.64_No.6	String Quartet in E-flat major, Hob.III:64, Op.64 No.6	https://musescore.com/openscore-string-quartets/scores/7300376	3.6.2	#06558	5108567
22779031	Haydn,_Joseph/String_Quartet_in_E-flat_major,_Hob.III80,_Op.76_No.6	String Quartet in E-flat major, Hob.III:80, Op.76 No.6	https://musescore.com/openscore-string-quartets/scores/22779031	4.5.2	#28082	6403804
26595778	Haydn,_Joseph/String_Quartet_in_E-flat_major,_Hob.III9,_Op.2_No.3	String Quartet in E-flat major, Hob.III:9, Op.2 No.3	https://musescore.com/openscore-string-quartets/scores/26595778	4.6.5	#887273	13166890
26380840	Haydn,_Joseph/String_Quartet_in_E_major,_Hob.III8,_Op.2_No.2	String Quartet in E major, Hob.III:8, Op.2 No.2	https://musescore.com/openscore-string-quartets/scores/26380840	4.6.5	#887272	13166866
10307350	Haydn,_Joseph/String_Quartet_in_F_major,_Hob.III73,_Op.74_No.2	String Quartet in F major, Hob.III:73, Op.74 No.2	https://musescore.com/openscore-string-quartets/scores/10307350	3.6.2	#05817	5954374
8807040	Haydn,_Joseph/String_Quartet_in_F_minor,_Hob.III35,_Op.20_No.5	String Quartet in F minor, Hob.III:35, Op.20 No.5	https://musescore.com/openscore-string-quartets/scores/8807040	3.6.2	#05272	5178695
10381459	Haydn,_Joseph/String_Quartet_in_G_major,_Hob.III21,_Op.9_No.3	String Quartet in G major, Hob.III:21, Op.9 No.3	https://musescore.com/openscore-string-quartets/scores/10381459	3.6.2	#106804	5769903
8807667	Haydn,_Joseph/String_Quartet_in_G_major,_Hob.III4,_Op.1_No.4	String Quartet in G major, Hob.III:4, Op.1 No.4	https://musescore.com/openscore-string-quartets/scores/8807667	3.6.2	#106788	5470739
7249986	Haydn,_Joseph/String_Quartet_in_G_major,_Hob.III66,_Op.64,_No.4	String Quartet in G major, Hob.III:66, Op.64, No.4	https://musescore.com/openscore-string-quartets/scores/7249986	3.6.2	#06556	5108564
15049456	Haydn,_Joseph/String_Quartet_in_G_major,_Hob.III75,_Op.76_No.1	String Quartet in G major, Hob.III:75, Op.76 No.1	https://musescore.com/openscore-string-quartets/scores/15049456	3.6.2	#28077	6403696
8455808	Haydn,_Joseph/String_Quartet_in_G_minor,_Hob.III33,_Op.20_No.3	String Quartet in G minor, Hob.III:33, Op.20 No.3	https://musescore.com/openscore-string-quartets/scores/8455808	3.6.2	#05270	5178638
10313029	Haydn,_Joseph/String_Quartet_in_G_minor,_Hob.III74,_Op.74_No.3_(The_Horseman)	String Quartet in G minor, Hob.III:74, Op.74 No.3 (The Horseman)	https://musescore.com/openscore-string-quartets/scores/10313029	3.6.2	#454620	5954407
7577795	Hensel,_Fanny_(Mendelssohn)/String_Quartet_in_E-flat_major,_Op._277	String Quartet in E-flat major, Op. 277	https://musescore.com/openscore-string-quartets/scores/7577795	3.6.2	#746532	5150345
12701461	Hoffmeister,_Franz_Anton/String_Quartet_No.9_in_D_major	String Quartet No.9 in D major	https://musescore.com/openscore-string-quartets/scores/12701461	3.6.2	#567348	5108735
7354505	Indy,_Vincent_d’/String_Quartet_No.1,_Op.35	String Quartet No.1, Op.35	https://musescore.com/openscore-string-quartets/scores/7354505	3.6.2	#17471	5108582
7158117	Janáček,_Leoš/String_Quartet_No.1_“Kreutzer_Sonata”	String Quartet No.1 “Kreutzer Sonata”	https://musescore.com/openscore-string-quartets/scores/7158117	3.6.2	#65455	5108558
7267316	Janáček,_Leoš/String_Quartet_No.2_“Intimate_Letters”	String Quartet No.2 “Intimate Letters”	https://musescore.com/openscore-string-quartets/scores/7267316	3.6.2	#65456	5108692
7384409	Kalliwoda,_Johann_Wenzel/String_Quartet_No.3,_Op.90	String Quartet No.3, Op.90	https://musescore.com/openscore-string-quartets/scores/7384409	3.6.2	#17328	5108559
27309583	Koechlin,_Charles/String_Quartet_No.1,_Op.51	String Quartet No.1, Op.51	https://musescore.com/openscore-string-quartets/scores/27309583	4.6.5	#52790	5108701
7524617	Krzyżanowska,_Halina/String_Quartet,_Op.44	String Quartet, Op.44	https://musescore.com/openscore-string-quartets/scores/7524617	3.6.2	#120481	5108456
14619670	Lalo,_Edouard/String_Quartet,_Op.19	String Quartet, Op.19	https://musescore.com/openscore-string-quartets/scores/14619670	3.6.2	#16304	5108736
7551068	Maier,_Amanda/String_Quartet_in_A_major	String Quartet in A major	https://musescore.com/openscore-string-quartets/scores/7551068	3.6.2	#562387	5108457
8818128	Mayer,_Emilie/String_Quartet_in_A_Major	String Quartet in A Major	https://musescore.com/openscore-string-quartets/scores/8818128	3.6.2	#748465	5152007
7588853	Mayer,_Emilie/String_Quartet_in_D_Major	String Quartet in D Major	https://musescore.com/openscore-string-quartets/scores/7588853	3.6.2	#748464	5152019
7643891	Mayer,_Emilie/String_Quartet_in_D_Minor	String Quartet in D Minor	https://musescore.com/openscore-string-quartets/scores/7643891	4.5.2	#748816	5152028
7556360	Mayer,_Emilie/String_Quartet_in_E_minor	String Quartet in E minor	https://musescore.com/openscore-string-quartets/scores/7556360	3.6.2	#327005	5108504
8915514	Mayer,_Emilie/String_Quartet_in_F_Major	String Quartet in F Major	https://musescore.com/openscore-string-quartets/scores/8915514	3.6.2	#748468	5152022
7236909	Mayer,_Emilie/String_Quartet_in_G_minor,_Op.14	String Quartet in G minor, Op.14	https://musescore.com/openscore-string-quartets/scores/7236909	3.6.2	#70728	5108458
7070319	Mayer,_Emilie/String_Quartet_in_G_minor,_Op.14	String Quartet in G minor, Op.14	https://musescore.com/openscore-string-quartets/scores/7070319	3.6.2	#70728	5108458
7082029	Mayer,_Emilie/String_Quartet_in_G_minor,_Op.14	String Quartet in G minor, Op.14	https://musescore.com/openscore-string-quartets/scores/7082029	3.6.2	#70728	5108458
7095930	Mayer,_Emilie/String_Quartet_in_G_minor,_Op.14	String Quartet in G minor, Op.14	https://musescore.com/openscore-string-quartets/scores/7095930	3.6.2	#70728	5108458
7224846	Mendelssohn,_Felix/String_Quartet_No.1,_Op.12	String Quartet No.1, Op.12	https://musescore.com/openscore-string-quartets/scores/7224846	3.6.2	#10971	5108546
8885571	Mendelssohn,_Felix/String_Quartet_No.2,_Op.13	String Quartet No.2, Op.13	https://musescore.com/openscore-string-quartets/scores/8885571	3.6.2	#10972	5108547
25717423	Mendelssohn,_Felix/String_Quartet_No.3,_Op.44_No.1	String Quartet No.3, Op.44 No.1	https://musescore.com/openscore-string-quartets/scores/25717423	4.6.2	#10973	13142266
8623643	Mendelssohn,_Felix/String_Quartet_No.4_in_E_minor,_Op.44_No.2	String Quartet No.4 in E minor, Op.44 No.2	https://musescore.com/openscore-string-quartets/scores/8623643	3.6.2	#10974	5514680
8561633	Mendelssohn,_Felix/String_Quartet_No.6_in_F_Minor,_Op.80	String Quartet No.6 in F Minor, Op.80	https://musescore.com/openscore-string-quartets/scores/8561633	3.6.2	#10976	5514686
9071492	Moeran,_Ernest_John/String_Quartet_in_A_minor	String Quartet in A minor	https://musescore.com/openscore-string-quartets/scores/9071492	3.6.2	#555797	5108846
35524196	Mozart,_Wolfgang_Amadeus/String_Quartet_in_C_major,_K.170	String Quartet in C major, K.170	https://musescore.com/openscore-string-quartets/scores/35524196	4.7.4	#64132	14804729
7103818	Mozart,_Wolfgang_Amadeus/String_Quartet_No.14_in_G_major,_K.387_(Op._10,_No._1)	String Quartet No.14 in G major, K.387 (Op. 10, No. 1)	https://musescore.com/openscore-string-quartets/scores/7103818	3.6.2	#64136	5108511
7294793	Mozart,_Wolfgang_Amadeus/String_Quartet_No.15_in_D_minor,_K.421417b_(Op._10,_No._2)	String Quartet No.15 in D minor, K.421/417b (Op. 10, No. 2)	https://musescore.com/openscore-string-quartets/scores/7294793	3.6.2	#64137	5108512
7302710	Mozart,_Wolfgang_Amadeus/String_Quartet_No.16_in_E-flat_major,_K.428421b_(Op._10,_No._4)	String Quartet No.16 in E-flat major, K.428/421b (Op. 10, No. 4)	https://musescore.com/openscore-string-quartets/scores/7302710	3.6.2	#64138	5108513
7353137	Mozart,_Wolfgang_Amadeus/String_Quartet_No.17_in_B-flat_major,_K.458_(Op._10,_No._3)	String Quartet No.17 in B-flat major, K.458 (Op. 10, No. 3)	https://musescore.com/openscore-string-quartets/scores/7353137	3.6.2	#64140	5108514
7093885	Mozart,_Wolfgang_Amadeus/String_Quartet_No.18_in_A_major,_K.464_(Op._10,_No._5)	String Quartet No.18 in A major, K.464 (Op. 10, No. 5)	https://musescore.com/openscore-string-quartets/scores/7093885	3.6.2	#64141	5108515
7070781	Mozart,_Wolfgang_Amadeus/String_Quartet_No.18_in_A_major,_K.464_(Op._10,_No._5)	String Quartet No.18 in A major, K.464 (Op. 10, No. 5)	https://musescore.com/openscore-string-quartets/scores/7070781	3.6.2	#64141	5108515
7078259	Mozart,_Wolfgang_Amadeus/String_Quartet_No.18_in_A_major,_K.464_(Op._10,_No._5)	String Quartet No.18 in A major, K.464 (Op. 10, No. 5)	https://musescore.com/openscore-string-quartets/scores/7078259	3.6.2	#64141	5108515
7075297	Mozart,_Wolfgang_Amadeus/String_Quartet_No.18_in_A_major,_K.464_(Op._10,_No._5)	String Quartet No.18 in A major, K.464 (Op. 10, No. 5)	https://musescore.com/openscore-string-quartets/scores/7075297	3.6.2	#64141	5108515
7471661	Mozart,_Wolfgang_Amadeus/String_Quartet_No.19_in_C_major,_K.465_(Op._10,_No._6)	String Quartet No.19 in C major, K.465 (Op. 10, No. 6)	https://musescore.com/openscore-string-quartets/scores/7471661	3.6.2	#64142	5108516
15230467	Mozart,_Wolfgang_Amadeus/String_Quartet_No.1_in_G_major,_K.8073f	String Quartet No.1 in G major, K.80/73f	https://musescore.com/openscore-string-quartets/scores/15230467	3.6.2	#64041	6406660
15308401	Mozart,_Wolfgang_Amadeus/String_Quartet_No.20_in_D_major,_K.499	String Quartet No.20 in D major, K.499	https://musescore.com/openscore-string-quartets/scores/15308401	3.6.2	#64144	6406804
16138966	Mozart,_Wolfgang_Amadeus/String_Quartet_No.21_in_D_major,_K.575	String Quartet No.21 in D major, K.575	https://musescore.com/openscore-string-quartets/scores/16138966	3.6.2	#64145	6406813
15730717	Mozart,_Wolfgang_Amadeus/String_Quartet_No.22_in_B-flat_major,_K.589	String Quartet No.22 in B-flat major, K.589	https://musescore.com/openscore-string-quartets/scores/15730717	3.6.2	#64148	6406831
15624112	Mozart,_Wolfgang_Amadeus/String_Quartet_No.23_in_F_major,_K.590	String Quartet No.23 in F major, K.590	https://musescore.com/openscore-string-quartets/scores/15624112	3.6.2	#64149	6406837
12113164	Mozart,_Wolfgang_Amadeus/String_Quartet_No.2_in_D_major,_K.155134a	String Quartet No.2 in D major, K.155/134a	https://musescore.com/openscore-string-quartets/scores/12113164	3.6.2	#64042	6406690
22643731	Mozart,_Wolfgang_Amadeus/String_Quartet_No.3_in_G_major,_K.156_(K._134b)	String Quartet No.3 in G major, K.156 (K. 134b)	https://musescore.com/openscore-string-quartets/scores/22643731	3.6.2	#64043	6406714
9199617	Mozart,_Wolfgang_Amadeus/String_Quartet_No.4_in_C_major,_K.157	String Quartet No.4 in C major, K.157	https://musescore.com/openscore-string-quartets/scores/9199617	3.6.2	#64122	5790447
22923826	Mozart,_Wolfgang_Amadeus/String_Quartet_No.5_in_F_major,_K.158	String Quartet No.5 in F major, K.158	https://musescore.com/openscore-string-quartets/scores/22923826	3.6.2	#64125	6406747
23655934	Mozart,_Wolfgang_Amadeus/String_Quartet_No.6_in_B-flat_major,_K.159	String Quartet No.6 in B-flat major, K.159	https://musescore.com/openscore-string-quartets/scores/23655934	4.4.4	#64126	6406759
23739586	Mozart,_Wolfgang_Amadeus/String_Quartet_No.7_in_E-flat_major,_K.160159a	String Quartet No.7 in E-flat major, K.160/159a	https://musescore.com/openscore-string-quartets/scores/23739586	4.4.4	#64127	6406786
31275512	Mozart,_Wolfgang_Amadeus/String_Quartet_No.8_in_F_major,_K.168	String Quartet No.8 in F major, K.168	https://musescore.com/openscore-string-quartets/scores/31275512	4.6.5	#64129	14256779
32239823	Mozart,_Wolfgang_Amadeus/String_Quartet_No.8_in_F_major,_K.168	String Quartet No.8 in F major, K.168	https://musescore.com/openscore-string-quartets/scores/32239823	4.6.5	#64129	14256779
26846629	Mozart,_Wolfgang_Amadeus/String_Quartet_No.9_in_A_major,_K.169	String Quartet No.9 in A major, K.169	https://musescore.com/openscore-string-quartets/scores/26846629	4.7.4	#64131	14261363
7541288	Müller-Hermann,_Johanna/String_Quartet,_Op.6	String Quartet, Op.6	https://musescore.com/openscore-string-quartets/scores/7541288	3.6.2	#557707	5108505
12536479	Nielsen,_Carl/String_Quartet_No.1,_Op.13	String Quartet No.1, Op.13	https://musescore.com/openscore-string-quartets/scores/12536479	3.6.2	#173684	5108849
34642727	Onslow,_George/String_Quartet_No.28_in_E-flat_major,_Op.54	String Quartet No.28 in E-flat major, Op.54	https://musescore.com/openscore-string-quartets/scores/34642727	4.7.4	#327286	14704487
8482283	Ravel,_Maurice/String_Quartet_in_F_major	String Quartet in F major	https://musescore.com/openscore-string-quartets/scores/8482283	4.5.2	#335585	5108574
8940236	Reger,_Max/String_Quartet_No.1,_Op.54_No.1	String Quartet No.1, Op.54 No.1	https://musescore.com/openscore-string-quartets/scores/8940236	3.6.2	#53714	5108850
9811948	Reger,_Max/String_Quartet_No.2,_Op.54_No.2	String Quartet No.2, Op.54 No.2	https://musescore.com/openscore-string-quartets/scores/9811948	3.6.2	#53715	5684022
26401096	Reger,_Max/String_Quartet_No.3,_Op.74	String Quartet No.3, Op.74	https://musescore.com/openscore-string-quartets/scores/26401096	4.6.5	#53739	5684058
31320671	Reger,_Max/String_Quartet_No.4,_Op.109	String Quartet No.4, Op.109	https://musescore.com/openscore-string-quartets/scores/31320671	4.6.5	#54043	5108851
26406961	Reger,_Max/String_Quartet_No.5,_Op.121	String Quartet No.5, Op.121	https://musescore.com/openscore-string-quartets/scores/26406961	4.7.4	#233166	5684082
8437358	Saint-Georges,_Joseph_Bologne/String_Quartet_in_C_major,_Op.1_No.1	String Quartet in C major, Op.1 No.1	https://musescore.com/openscore-string-quartets/scores/8437358	3.6.2	#80710	5108602
8437280	Saint-Georges,_Joseph_Bologne/String_Quartet_in_C_minor,_Op.1_No.4	String Quartet in C minor, Op.1 No.4	https://musescore.com/openscore-string-quartets/scores/8437280	3.6.2	#80710	5108605
10490761	Saint-Georges,_Joseph_Bologne/String_Quartet_in_D_major,_Op.1_No.6	String Quartet in D major, Op.1 No.6	https://musescore.com/openscore-string-quartets/scores/10490761	3.6.2	#80710	5108607
8438840	Saint-Georges,_Joseph_Bologne/String_Quartet_in_E-flat_major,_Op.1_No.2	String Quartet in E-flat major, Op.1 No.2	https://musescore.com/openscore-string-quartets/scores/8438840	3.6.2	#80710	5108603
8438915	Saint-Georges,_Joseph_Bologne/String_Quartet_in_G_minor,_Op.1_No.3	String Quartet in G minor, Op.1 No.3	https://musescore.com/openscore-string-quartets/scores/8438915	3.6.2	#80710	5108604
8438999	Saint-Georges,_Joseph_Bologne/String_Quartet_in_G_minor,_Op.1_No.5	String Quartet in G minor, Op.1 No.5	https://musescore.com/openscore-string-quartets/scores/8438999	3.6.2	#80710	5108606
29218964	Schubert,_Franz/String_Quartet_in_A_minor,_D.804,_No.13	String Quartet in A minor, D.804, No.13	https://musescore.com/openscore-string-quartets/scores/29218964	4.6.5	#04040	13145872
30897104	Schubert,_Franz/String_Quartet_in_B-flat_major,_D.36,_No.3	String Quartet in B-flat major, D.36, No.3	https://musescore.com/openscore-string-quartets/scores/30897104	4.7.3	#03660 	13145233
7648382	Schubert,_Franz/String_Quartet_in_C_minor,_D.703,_No.12	String Quartet in C minor, D.703, No.12	https://musescore.com/openscore-string-quartets/scores/7648382	3.6.2	#04039	5162489
7397765	Schubert,_Franz/String_Quartet_in_D_minor,_D.810,_No.14_(“Death_and_the_Maiden”)	String Quartet in D minor, D.810, No.14 (“Death and the Maiden”)	https://musescore.com/openscore-string-quartets/scores/7397765	3.6.2	#04047	5108909
26745994	Schubert,_Franz/String_Quartet_in_E-flat_major,_D.87,_No.10	String Quartet in E-flat major, D.87, No.10	https://musescore.com/openscore-string-quartets/scores/26745994	4.5.2	#03961	13145797
27306670	Schubert,_Franz/String_Quartet_in_E_major,_D.353,_No.11	String Quartet in E major, D.353, No.11	https://musescore.com/openscore-string-quartets/scores/27306670	4.6.3	#04001	13145830
17329942	Schubert,_Franz/String_Quartet_in_G_major,_D.887,_No.15	String Quartet in G major, D.887, No.15	https://musescore.com/openscore-string-quartets/scores/17329942	4.6.3	#04050	5108910
26227081	Schubert,_Franz/String_Quartet_in_G_minor,_D.18,_No.1	String Quartet in G minor, D.18, No.1	https://musescore.com/openscore-string-quartets/scores/26227081	4.6.3	#03643 	5108568
8630159	Schulhoff,_Erwin/String_Quartet_No.1	String Quartet No.1	https://musescore.com/openscore-string-quartets/scores/8630159	3.6.2	#581718	5108911
9010547	Schumann,_Robert/String_Quartet_No.1,_Op.41_No.1	String Quartet No.1, Op.41 No.1	https://musescore.com/openscore-string-quartets/scores/9010547	3.6.2	#289569	5108569
9160476	Schumann,_Robert/String_Quartet_No.2,_Op.41_No.2	String Quartet No.2, Op.41 No.2	https://musescore.com/openscore-string-quartets/scores/9160476	3.6.2	#289570	5108912
9529900	Schumann,_Robert/String_Quartet_No.3,_Op.41_No.3	String Quartet No.3, Op.41 No.3	https://musescore.com/openscore-string-quartets/scores/9529900	3.6.2	#289667	5108913
7483523	Smetana,_Bedřich/String_Quartet_No.1	String Quartet No.1	https://musescore.com/openscore-string-quartets/scores/7483523	3.6.2	#362678	5108519
7555331	Smyth,_Ethel/String_Quartet_in_E_minor	String Quartet in E minor	https://musescore.com/openscore-string-quartets/scores/7555331	3.6.2	#346160	5108481
27975730	Spohr,_Louis/String_Quartet_No.1,_Op.4_No.1	String Quartet No.1, Op.4 No.1	https://musescore.com/openscore-string-quartets/scores/27975730	4.6.5	#68912	5108863
10517302	Stanford,_Charles_Villiers/String_Quartet_No.1,_Op.44	String Quartet No.1, Op.44	https://musescore.com/openscore-string-quartets/scores/10517302	3.6.2	#67817	5108861
9767416	Stenhammar,_Wilhelm/String_Quartet_No.1,_Op.2	String Quartet No.1, Op.2	https://musescore.com/openscore-string-quartets/scores/9767416	3.6.2	#68086	5108860
26531671	Stenhammar,_Wilhelm/String_Quartet_No.4	String Quartet No.4	https://musescore.com/openscore-string-quartets/scores/26531671	4.6.3	#68100	5108859
9608209	Strauss,_Richard/String_Quartet_in_A_major,_Op.2	String Quartet in A major, Op.2	https://musescore.com/openscore-string-quartets/scores/9608209	3.6.2	#79337	5108858
22759075	Suk,_Josef/String_Quartet_No.1,_Op.11	String Quartet No.1, Op.11	https://musescore.com/openscore-string-quartets/scores/22759075	3.6.2	#44031	5531432
11738245	Tchaikovsky,_Pyotr_Ilyich/String_Quartet_No.1,_Op.11	String Quartet No.1, Op.11	https://musescore.com/openscore-string-quartets/scores/11738245	4.6.5	#519207	5108570
22948888	Verdi,_Giuseppe/String_Quartet	String Quartet	https://musescore.com/openscore-string-quartets/scores/22948888	4.6.5	#106276	5108571
13541194	Vieuxtemps,_Henri/String_Quartet_No.1,_Op.44	String Quartet No.1, Op.44	https://musescore.com/openscore-string-quartets/scores/13541194	4.6.5	#80494	6744169
11246134	Viotti,_Giovanni_Battista/String_Quartet_in_E_minor,_W_2a.2	String Quartet in E minor, W 2a.2	https://musescore.com/openscore-string-quartets/scores/11246134	4.6.5	#551376	6278536
11572051	Viotti,_Giovanni_Battista/String_Quartet_in_G_minor,_W_2a.1	String Quartet in G minor, W 2a.1	https://musescore.com/openscore-string-quartets/scores/11572051	4.6.5	#556234	6278530
8812200	Wolf,_Hugo/Italian_Serenade	Italian Serenade	https://musescore.com/openscore-string-quartets/scores/8812200	3.6.2	#40911	5626515
8823783	Wolf,_Hugo/String_Quartet	String Quartet	https://musescore.com/openscore-string-quartets/scores/8823783	3.6.2	#322751	5574612
8944152	Zemlinsky,_Alexander_von/String_Quartet_No.1,_Op.4	String Quartet No.1, Op.4	https://musescore.com/openscore-string-quartets/scores/8944152	3.6.2	#27833	5108575
10439083	Zemlinsky,_Alexander_von/String_Quartet_No.2,_Op.15	String Quartet No.2, Op.15	https://musescore.com/openscore-string-quartets/scores/10439083	3.6.2	#57303	5684136
26269501	Zemlinsky,_Alexander_von/String_Quartet_No.3,_Op.19	String Quartet No.3, Op.19	https://musescore.com/openscore-string-quartets/scores/26269501	4.5.2	#647870	5684175
