id	path	name	movements	link	imslp	composer_id
5108429	Andrée,_Elfrida/String_Quartet_in_A_major	String Quartet in A major	4	https://musescore.com/openscore-string-quartets/sets/5108429	#415720	451495
5116346	Arriaga,_Juan_Crisóstomo_de/String_Quartet_No.1_in_D_minor	String Quartet No.1 in D minor	4	https://musescore.com/openscore-string-quartets/sets/5116346	#33857	313669
5116349	Arriaga,_Juan_Crisóstomo_de/String_Quartet_No.2_in_A_major	String Quartet No.2 in A major	4	https://musescore.com/openscore-string-quartets/sets/5116349	#576843	313669
5116350	Arriaga,_Juan_Crisóstomo_de/String_Quartet_No.3_in_E-flat_Major	String Quartet No.3 in E-flat Major	4	https://musescore.com/openscore-string-quartets/sets/5116350	#576844	313669
5108579	Bartók,_Béla/String_Quartet_No.1,_Op.7_(Sz.40)	String Quartet No.1, Op.7 (Sz.40)	3	https://musescore.com/openscore-string-quartets/sets/5108579	#18895	83326
5530433	Bartók,_Béla/String_Quartet_No.2,_Op.17_(Sz.67)	String Quartet No.2, Op.17 (Sz.67)	3	https://musescore.com/openscore-string-quartets/sets/5530433	#18943	83326
6406540	Beach,_Amy/String_Quartet,_Op._89	String Quartet, Op. 89	3	https://musescore.com/openscore-string-quartets/sets/6406540	#843310	235699
5108656	Beethoven,_Ludwig_van/Grosse_Fuge_in_B-flat_major,_Op.133	Grosse Fuge in B-flat major, Op.133	1	https://musescore.com/openscore-string-quartets/sets/5108656	#04771	255
5108454	Beethoven,_Ludwig_van/String_Quartet_No.1,_Op.18_No.1	String Quartet No.1, Op.18 No.1	4	https://musescore.com/openscore-string-quartets/sets/5108454	#04755	255
5108657	Beethoven,_Ludwig_van/String_Quartet_No.12,_Op.127	String Quartet No.12, Op.127	4	https://musescore.com/openscore-string-quartets/sets/5108657	#04766	255
5108658	Beethoven,_Ludwig_van/String_Quartet_No.13_in_B♭_major,_Op.130	String Quartet No.13 in B♭ major, Op.130	6	https://musescore.com/openscore-string-quartets/sets/5108658	#04767	255
5108659	Beethoven,_Ludwig_van/String_Quartet_No.14_in_C♯_minor,_Op.131	String Quartet No.14 in C♯ minor, Op.131	7	https://musescore.com/openscore-string-quartets/sets/5108659	#04768 	255
5108661	Beethoven,_Ludwig_van/String_Quartet_No.16_in_F_major,_Op.135	String Quartet No.16 in F major, Op.135	4	https://musescore.com/openscore-string-quartets/sets/5108661	#04770	255
5108476	Beethoven,_Ludwig_van/String_Quartet_No.2,_Op.18_No.2	String Quartet No.2, Op.18 No.2	4	https://musescore.com/openscore-string-quartets/sets/5108476	#04756	255
5108477	Beethoven,_Ludwig_van/String_Quartet_No.3,_Op.18_No.3	String Quartet No.3, Op.18 No.3	4	https://musescore.com/openscore-string-quartets/sets/5108477	#04757	255
5108478	Beethoven,_Ludwig_van/String_Quartet_No.4,_Op.18_No.4	String Quartet No.4, Op.18 No.4	4	https://musescore.com/openscore-string-quartets/sets/5108478	#04758	255
5108479	Beethoven,_Ludwig_van/String_Quartet_No.5,_Op.18_No.5	String Quartet No.5, Op.18 No.5	4	https://musescore.com/openscore-string-quartets/sets/5108479	#04759	255
5108480	Beethoven,_Ludwig_van/String_Quartet_No.6,_Op.18_No.6	String Quartet No.6, Op.18 No.6	5	https://musescore.com/openscore-string-quartets/sets/5108480	#04760	255
5193359	Beethoven,_Ludwig_van/String_Quartet_No.9,_Op.59_No.3	String Quartet No.9, Op.59 No.3	4	https://musescore.com/openscore-string-quartets/sets/5193359	#04763	255
5108455	Berg,_Alban/String_Quartet,_Op.3	String Quartet, Op.3	2	https://musescore.com/openscore-string-quartets/sets/5108455	#22756	78475
5108580	Boccherini,_Luigi/String_Quartet_in_A_major,_G.213_(Op.39)	String Quartet in A major, G.213 (Op.39)	4	https://musescore.com/openscore-string-quartets/sets/5108580	#78818	189766
5108581	Borodin,_Alexander/String_Quartet_No.1	String Quartet No.1	4	https://musescore.com/openscore-string-quartets/sets/5108581	#114629	164004
5108662	Borodin,_Alexander/String_Quartet_No.2	String Quartet No.2	4	https://musescore.com/openscore-string-quartets/sets/5108662	#644692	164004
5108531	Brahms,_Johannes/String_Quartet_No.1,_Op.51_No.1	String Quartet No.1, Op.51 No.1	4	https://musescore.com/openscore-string-quartets/sets/5108531	#242305	7294
5108532	Brahms,_Johannes/String_Quartet_No.2,_Op.51_No.2	String Quartet No.2, Op.51 No.2	4	https://musescore.com/openscore-string-quartets/sets/5108532	#242310	7294
5108542	Brahms,_Johannes/String_Quartet_No.3,_Op.67	String Quartet No.3, Op.67	4	https://musescore.com/openscore-string-quartets/sets/5108542	#242312	7294
5108724	Bridge,_Frank/String_Quartet_No.1,_H.70	String Quartet No.1, H.70	4	https://musescore.com/openscore-string-quartets/sets/5108724	#405431	366636
5683980	Bridge,_Frank/String_Quartet_No.2,_H.115	String Quartet No.2, H.115	3	https://musescore.com/openscore-string-quartets/sets/5683980		366636
5108682	Busoni,_Ferruccio/String_Quartet_No.1,_Op.19,_BV_208	String Quartet No.1, Op.19, BV 208	4	https://musescore.com/openscore-string-quartets/sets/5108682	#33482	219551
5108683	Busoni,_Ferruccio/String_Quartet_No.2,_Op.26,_BV_225	String Quartet No.2, Op.26, BV 225	4	https://musescore.com/openscore-string-quartets/sets/5108683	#177534	219551
5108430	Carreño,_Teresa/String_Quartet	String Quartet	4	https://musescore.com/openscore-string-quartets/sets/5108430	#65072	241494
5108725	Cherubini,_Luigi/String_Quartet_No.1	String Quartet No.1	4	https://musescore.com/openscore-string-quartets/sets/5108725	#05713	20721
7377046	Cras,_Jean/String_Quartet	String Quartet	4	https://musescore.com/openscore-string-quartets/sets/7377046	#380418	1685459
5108549	Debussy,_Claude/String_Quartet_in_G_minor,_Op.10	String Quartet in G minor, Op.10	4	https://musescore.com/openscore-string-quartets/sets/5108549	#11939	4700
5108663	Delius,_Frederick/String_Quartet_in_E_minor	String Quartet in E minor	4	https://musescore.com/openscore-string-quartets/sets/5108663		312698
5108726	Dittersdorf,_Carl_Ditters_von/String_Quartet_in_B-flat_major,_Kr.192	String Quartet in B-flat major, Kr.192	3	https://musescore.com/openscore-string-quartets/sets/5108726	#05716	78522
5108727	Dittersdorf,_Carl_Ditters_von/String_Quartet_in_D_major,_Kr.191	String Quartet in D major, Kr.191	3	https://musescore.com/openscore-string-quartets/sets/5108727	#05715	78522
14761979	Dittersdorf,_Carl_Ditters_von/String_Quartet_in_G_major,_Kr.193	String Quartet in G major, Kr.193	3	https://musescore.com/openscore-string-quartets/sets/14761979	#06724	78522
13125367	Dvořák,_Antonín/Echo_of_Songs,_B.152	Echo of Songs, B.152	12	https://musescore.com/openscore-string-quartets/sets/13125367	#397407	7298
5770845	Dvořák,_Antonín/String_Quartet_No.10,_Op.51	String Quartet No.10, Op.51	4	https://musescore.com/openscore-string-quartets/sets/5770845	#407265	7298
7369789	Dvořák,_Antonín/String_Quartet_No.11,_Op.61	String Quartet No.11, Op.61	4	https://musescore.com/openscore-string-quartets/sets/7369789	#316927	7298
5108664	Dvořák,_Antonín/String_Quartet_No.12,_Op.96_(“American”)	String Quartet No.12, Op.96 (“American”)	4	https://musescore.com/openscore-string-quartets/sets/5108664	#96276	7298
7369798	Dvořák,_Antonín/String_Quartet_No.14,_Op.105	String Quartet No.14, Op.105	4	https://musescore.com/openscore-string-quartets/sets/7369798	#54456	7298
7376728	Dvořák,_Antonín/String_Quartet_No.8,_Op.80	String Quartet No.8, Op.80	4	https://musescore.com/openscore-string-quartets/sets/7376728	#327645	7298
7369786	Dvořák,_Antonín/String_Quartet_No.9,_Op.34	String Quartet No.9, Op.34	4	https://musescore.com/openscore-string-quartets/sets/7369786	#12428	7298
5108550	Elgar,_Edward/String_Quartet,_Op.83	String Quartet, Op.83	3	https://musescore.com/openscore-string-quartets/sets/5108550	#17231	179631
5108666	Fauré,_Gabriel/String_Quartet,_Op.121	String Quartet, Op.121	3	https://musescore.com/openscore-string-quartets/sets/5108666	#23028	104919
5108685	Franck,_César/String_Quartet	String Quartet	4	https://musescore.com/openscore-string-quartets/sets/5108685	#01665	50187
5108543	Glazunov,_Alexander/String_Quartet_No.1,_Op.1	String Quartet No.1, Op.1	4	https://musescore.com/openscore-string-quartets/sets/5108543	#65357	25872
5108728	Glinka,_Mikhail/String_Quartet	String Quartet	4	https://musescore.com/openscore-string-quartets/sets/5108728	#40373	181885
5108729	Gossec,_François_Joseph/String_Quartet_in_C_minor,_RH_189	String Quartet in C minor, RH 189	2	https://musescore.com/openscore-string-quartets/sets/5108729	#355492	313667
5108686	Gounod,_Charles/String_Quartet_No.3_in_A_minor	String Quartet No.3 in A minor	4	https://musescore.com/openscore-string-quartets/sets/5108686		180278
5108687	Gouvy,_Théodore/String_Quartet,_Op.16_No.1	String Quartet, Op.16 No.1	4	https://musescore.com/openscore-string-quartets/sets/5108687	#16842	699322
5108691	Grieg,_Edvard/String_Quartet_No.1,_Op.27	String Quartet No.1, Op.27	4	https://musescore.com/openscore-string-quartets/sets/5108691	#40157	80621
11931955	Haydn,_Joseph/Die_Worte_des_Erlösers_am_Kreuze,_Hob.III50–56,_Op.51	Die Worte des Erlösers am Kreuze, Hob.III:50–56, Op.51	9	https://musescore.com/openscore-string-quartets/sets/11931955	#889028	7349
5769936	Haydn,_Joseph/String_Quartet_in_A_major,_Hob.III24,_Op.9_No.6	String Quartet in A major, Hob.III:24, Op.9 No.6	4	https://musescore.com/openscore-string-quartets/sets/5769936	#106807	7349
5178725	Haydn,_Joseph/String_Quartet_in_A_major,_Hob.III36,_Op.20_No.6	String Quartet in A major, Hob.III:36, Op.20 No.6	4	https://musescore.com/openscore-string-quartets/sets/5178725	#05273	7349
13166836	Haydn,_Joseph/String_Quartet_in_A_major,_Hob.III7,_Op.2_No.1	String Quartet in A major, Hob.III:7, Op.2 No.1	5	https://musescore.com/openscore-string-quartets/sets/13166836	#887271	7349
13166941	Haydn,_Joseph/String_Quartet_in_B-flat_major,_Hob.III12,_Op.2_No.6	String Quartet in B-flat major, Hob.III:12, Op.2 No.6	5	https://musescore.com/openscore-string-quartets/sets/13166941	#887276	7349
5769900	Haydn,_Joseph/String_Quartet_in_B-flat_major,_Hob.III23,_Op.9_No.5	String Quartet in B-flat major, Hob.III:23, Op.9 No.5	4	https://musescore.com/openscore-string-quartets/sets/5769900	#106806	7349
5470754	Haydn,_Joseph/String_Quartet_in_B-flat_major,_Hob.III5,_Op.1_No.5	String Quartet in B-flat major, Hob.III:5, Op.1 No.5	3	https://musescore.com/openscore-string-quartets/sets/5470754	#106789	7349
5108563	Haydn,_Joseph/String_Quartet_in_B-flat_major,_Hob.III67,_Op.64_No.3	String Quartet in B-flat major, Hob.III:67, Op.64 No.3	4	https://musescore.com/openscore-string-quartets/sets/5108563	#06537	7349
6403771	Haydn,_Joseph/String_Quartet_in_B-flat_major,_Hob.III78,_Op.76_No.4	String Quartet in B-flat major, Hob.III:78, Op.76 No.4	4	https://musescore.com/openscore-string-quartets/sets/6403771	#28080	7349
5446197	Haydn,_Joseph/String_Quartet_in_B-flat_major_(“La_Chasse”),_Hob._III1,_Op.1_No.1	String Quartet in B-flat major (“La Chasse”), Hob. III:1, Op.1 No.1	5	https://musescore.com/openscore-string-quartets/sets/5446197	#106785	7349
5108562	Haydn,_Joseph/String_Quartet_in_B_minor,_Hob.III68,_Op.64_No.2	String Quartet in B minor, Hob.III:68, Op.64 No.2	4	https://musescore.com/openscore-string-quartets/sets/5108562	#06536	7349
5769894	Haydn,_Joseph/String_Quartet_in_C_major,_Hob.III19,_Op.9_No.1	String Quartet in C major, Hob.III:19, Op.9 No.1	4	https://musescore.com/openscore-string-quartets/sets/5769894	#106803	7349
5178617	Haydn,_Joseph/String_Quartet_in_C_major,_Hob.III32,_Op.20_No.2	String Quartet in C major, Hob.III:32, Op.20 No.2	4	https://musescore.com/openscore-string-quartets/sets/5178617	#05269	7349
5470757	Haydn,_Joseph/String_Quartet_in_C_major,_Hob.III6,_Op.1_No.6	String Quartet in C major, Hob.III:6, Op.1 No.6	5	https://musescore.com/openscore-string-quartets/sets/5470757	#106790	7349
5108561	Haydn,_Joseph/String_Quartet_in_C_major,_Hob.III65,_Op.64_No.1	String Quartet in C major, Hob.III:65, Op.64 No.1	4	https://musescore.com/openscore-string-quartets/sets/5108561	#06535	7349
5954362	Haydn,_Joseph/String_Quartet_in_C_major,_Hob.III72,_Op.74_No.1	String Quartet in C major, Hob.III:72, Op.74 No.1	4	https://musescore.com/openscore-string-quartets/sets/5954362	#24480	7349
6403741	Haydn,_Joseph/String_Quartet_in_C_major,_Hob.III77,_Op.76_No.3	String Quartet in C major, Hob.III:77, Op.76 No.3	4	https://musescore.com/openscore-string-quartets/sets/6403741	#28079	7349
5470649	Haydn,_Joseph/String_Quartet_in_D_major,_Hob.III3,_Op.1_No.3	String Quartet in D major, Hob.III:3, Op.1 No.3	5	https://musescore.com/openscore-string-quartets/sets/5470649	#106787	7349
5178650	Haydn,_Joseph/String_Quartet_in_D_major,_Hob.III34,_Op.20_No.4	String Quartet in D major, Hob.III:34, Op.20 No.4	4	https://musescore.com/openscore-string-quartets/sets/5178650	#05271	7349
5108566	Haydn,_Joseph/String_Quartet_in_D_major,_Hob.III63,_Op.64_No.5	String Quartet in D major, Hob.III:63, Op.64 No.5	4	https://musescore.com/openscore-string-quartets/sets/5108566	#06557	7349
6403780	Haydn,_Joseph/String_Quartet_in_D_major,_Hob.III79,_Op.76_No.5	String Quartet in D major, Hob.III:79, Op.76 No.5	4	https://musescore.com/openscore-string-quartets/sets/6403780	#28081	7349
5769912	Haydn,_Joseph/String_Quartet_in_D_minor,_Hob.III22,_Op.9_No.4	String Quartet in D minor, Hob.III:22, Op.9 No.4	4	https://musescore.com/openscore-string-quartets/sets/5769912	#106805	7349
6403711	Haydn,_Joseph/String_Quartet_in_D_minor,_Hob.III76,_Op.76_No.2	String Quartet in D minor, Hob.III:76, Op.76 No.2	4	https://musescore.com/openscore-string-quartets/sets/6403711	#28078	7349
5446206	Haydn,_Joseph/String_Quartet_in_E-flat_major,_Hob.III2,_Op.1_No.2	String Quartet in E-flat major, Hob.III:2, Op.1 No.2	5	https://musescore.com/openscore-string-quartets/sets/5446206	#106786	7349
5769909	Haydn,_Joseph/String_Quartet_in_E-flat_major,_Hob.III20,_Op.9_No.2	String Quartet in E-flat major, Hob.III:20, Op.9 No.2	4	https://musescore.com/openscore-string-quartets/sets/5769909	#218820	7349
5178593	Haydn,_Joseph/String_Quartet_in_E-flat_major,_Hob.III31,_Op.20_No.1	String Quartet in E-flat major, Hob.III:31, Op.20 No.1	4	https://musescore.com/openscore-string-quartets/sets/5178593	#05268	7349
5108567	Haydn,_Joseph/String_Quartet_in_E-flat_major,_Hob.III64,_Op.64_No.6	String Quartet in E-flat major, Hob.III:64, Op.64 No.6	4	https://musescore.com/openscore-string-quartets/sets/5108567	#06558	7349
6403804	Haydn,_Joseph/String_Quartet_in_E-flat_major,_Hob.III80,_Op.76_No.6	String Quartet in E-flat major, Hob.III:80, Op.76 No.6	4	https://musescore.com/openscore-string-quartets/sets/6403804	#28082	7349
13166890	Haydn,_Joseph/String_Quartet_in_E-flat_major,_Hob.III9,_Op.2_No.3	String Quartet in E-flat major, Hob.III:9, Op.2 No.3	5	https://musescore.com/openscore-string-quartets/sets/13166890	#887273	7349
13166866	Haydn,_Joseph/String_Quartet_in_E_major,_Hob.III8,_Op.2_No.2	String Quartet in E major, Hob.III:8, Op.2 No.2	5	https://musescore.com/openscore-string-quartets/sets/13166866	#887272	7349
5954374	Haydn,_Joseph/String_Quartet_in_F_major,_Hob.III73,_Op.74_No.2	String Quartet in F major, Hob.III:73, Op.74 No.2	4	https://musescore.com/openscore-string-quartets/sets/5954374	#05817	7349
5178695	Haydn,_Joseph/String_Quartet_in_F_minor,_Hob.III35,_Op.20_No.5	String Quartet in F minor, Hob.III:35, Op.20 No.5	4	https://musescore.com/openscore-string-quartets/sets/5178695	#05272	7349
5769903	Haydn,_Joseph/String_Quartet_in_G_major,_Hob.III21,_Op.9_No.3	String Quartet in G major, Hob.III:21, Op.9 No.3	4	https://musescore.com/openscore-string-quartets/sets/5769903	#106804	7349
5470739	Haydn,_Joseph/String_Quartet_in_G_major,_Hob.III4,_Op.1_No.4	String Quartet in G major, Hob.III:4, Op.1 No.4	5	https://musescore.com/openscore-string-quartets/sets/5470739	#106788	7349
5108564	Haydn,_Joseph/String_Quartet_in_G_major,_Hob.III66,_Op.64,_No.4	String Quartet in G major, Hob.III:66, Op.64, No.4	4	https://musescore.com/openscore-string-quartets/sets/5108564	#06556	7349
6403696	Haydn,_Joseph/String_Quartet_in_G_major,_Hob.III75,_Op.76_No.1	String Quartet in G major, Hob.III:75, Op.76 No.1	4	https://musescore.com/openscore-string-quartets/sets/6403696	#28077	7349
5178638	Haydn,_Joseph/String_Quartet_in_G_minor,_Hob.III33,_Op.20_No.3	String Quartet in G minor, Hob.III:33, Op.20 No.3	4	https://musescore.com/openscore-string-quartets/sets/5178638	#05270	7349
5954407	Haydn,_Joseph/String_Quartet_in_G_minor,_Hob.III74,_Op.74_No.3_(The_Horseman)	String Quartet in G minor, Hob.III:74, Op.74 No.3 (The Horseman)	4	https://musescore.com/openscore-string-quartets/sets/5954407	#454620	7349
5150345	Hensel,_Fanny_(Mendelssohn)/String_Quartet_in_E-flat_major,_Op._277	String Quartet in E-flat major, Op. 277	4	https://musescore.com/openscore-string-quartets/sets/5150345	#746532	57286
5108735	Hoffmeister,_Franz_Anton/String_Quartet_No.9_in_D_major	String Quartet No.9 in D major	2	https://musescore.com/openscore-string-quartets/sets/5108735		706138
5108582	Indy,_Vincent_d’/String_Quartet_No.1,_Op.35	String Quartet No.1, Op.35	4	https://musescore.com/openscore-string-quartets/sets/5108582	#17471	313584
5108558	Janáček,_Leoš/String_Quartet_No.1_“Kreutzer_Sonata”	String Quartet No.1 “Kreutzer Sonata”	4	https://musescore.com/openscore-string-quartets/sets/5108558	#65455	184933
5108692	Janáček,_Leoš/String_Quartet_No.2_“Intimate_Letters”	String Quartet No.2 “Intimate Letters”	4	https://musescore.com/openscore-string-quartets/sets/5108692	#65456	184933
5108559	Kalliwoda,_Johann_Wenzel/String_Quartet_No.3,_Op.90	String Quartet No.3, Op.90	4	https://musescore.com/openscore-string-quartets/sets/5108559	#17328	642243
5108701	Koechlin,_Charles/String_Quartet_No.1,_Op.51	String Quartet No.1, Op.51	4	https://musescore.com/openscore-string-quartets/sets/5108701	#52790	72543
5108456	Krzyżanowska,_Halina/String_Quartet,_Op.44	String Quartet, Op.44	3	https://musescore.com/openscore-string-quartets/sets/5108456		5642364
5108736	Lalo,_Edouard/String_Quartet,_Op.19	String Quartet, Op.19	4	https://musescore.com/openscore-string-quartets/sets/5108736	#16304	224002
5108457	Maier,_Amanda/String_Quartet_in_A_major	String Quartet in A major	4	https://musescore.com/openscore-string-quartets/sets/5108457	#562387	273661
5152007	Mayer,_Emilie/String_Quartet_in_A_Major	String Quartet in A Major	4	https://musescore.com/openscore-string-quartets/sets/5152007	#748465	447851
5152019	Mayer,_Emilie/String_Quartet_in_D_Major	String Quartet in D Major	4	https://musescore.com/openscore-string-quartets/sets/5152019	#748464	447851
5152028	Mayer,_Emilie/String_Quartet_in_D_Minor	String Quartet in D Minor	4	https://musescore.com/openscore-string-quartets/sets/5152028	#748816	447851
5108504	Mayer,_Emilie/String_Quartet_in_E_minor	String Quartet in E minor	4	https://musescore.com/openscore-string-quartets/sets/5108504		447851
5152022	Mayer,_Emilie/String_Quartet_in_F_Major	String Quartet in F Major	4	https://musescore.com/openscore-string-quartets/sets/5152022		447851
5108458	Mayer,_Emilie/String_Quartet_in_G_minor,_Op.14	String Quartet in G minor, Op.14	4	https://musescore.com/openscore-string-quartets/sets/5108458	#70728	447851
5108546	Mendelssohn,_Felix/String_Quartet_No.1,_Op.12	String Quartet No.1, Op.12	4	https://musescore.com/openscore-string-quartets/sets/5108546	#10971	46096
5108547	Mendelssohn,_Felix/String_Quartet_No.2,_Op.13	String Quartet No.2, Op.13	4	https://musescore.com/openscore-string-quartets/sets/5108547	#10972	46096
13142266	Mendelssohn,_Felix/String_Quartet_No.3,_Op.44_No.1	String Quartet No.3, Op.44 No.1	4	https://musescore.com/openscore-string-quartets/sets/13142266	#10973	46096
5514680	Mendelssohn,_Felix/String_Quartet_No.4_in_E_minor,_Op.44_No.2	String Quartet No.4 in E minor, Op.44 No.2	4	https://musescore.com/openscore-string-quartets/sets/5514680	#10974	46096
5514686	Mendelssohn,_Felix/String_Quartet_No.6_in_F_Minor,_Op.80	String Quartet No.6 in F Minor, Op.80	4	https://musescore.com/openscore-string-quartets/sets/5514686	#10976	46096
5108846	Moeran,_Ernest_John/String_Quartet_in_A_minor	String Quartet in A minor	3	https://musescore.com/openscore-string-quartets/sets/5108846	#555797	1356404
14804729	Mozart,_Wolfgang_Amadeus/String_Quartet_in_C_major,_K.170	String Quartet in C major, K.170	4	https://musescore.com/openscore-string-quartets/sets/14804729	#64132	254
5108511	Mozart,_Wolfgang_Amadeus/String_Quartet_No.14_in_G_major,_K.387_(Op._10,_No._1)	String Quartet No.14 in G major, K.387 (Op. 10, No. 1)	4	https://musescore.com/openscore-string-quartets/sets/5108511	#64136	254
5108512	Mozart,_Wolfgang_Amadeus/String_Quartet_No.15_in_D_minor,_K.421417b_(Op._10,_No._2)	String Quartet No.15 in D minor, K.421/417b (Op. 10, No. 2)	4	https://musescore.com/openscore-string-quartets/sets/5108512	#64137	254
5108513	Mozart,_Wolfgang_Amadeus/String_Quartet_No.16_in_E-flat_major,_K.428421b_(Op._10,_No._4)	String Quartet No.16 in E-flat major, K.428/421b (Op. 10, No. 4)	4	https://musescore.com/openscore-string-quartets/sets/5108513	#64138	254
5108514	Mozart,_Wolfgang_Amadeus/String_Quartet_No.17_in_B-flat_major,_K.458_(Op._10,_No._3)	String Quartet No.17 in B-flat major, K.458 (Op. 10, No. 3)	4	https://musescore.com/openscore-string-quartets/sets/5108514	#64140	254
5108515	Mozart,_Wolfgang_Amadeus/String_Quartet_No.18_in_A_major,_K.464_(Op._10,_No._5)	String Quartet No.18 in A major, K.464 (Op. 10, No. 5)	4	https://musescore.com/openscore-string-quartets/sets/5108515	#64141	254
5108516	Mozart,_Wolfgang_Amadeus/String_Quartet_No.19_in_C_major,_K.465_(Op._10,_No._6)	String Quartet No.19 in C major, K.465 (Op. 10, No. 6)	4	https://musescore.com/openscore-string-quartets/sets/5108516	#64142	254
6406660	Mozart,_Wolfgang_Amadeus/String_Quartet_No.1_in_G_major,_K.8073f	String Quartet No.1 in G major, K.80/73f	4	https://musescore.com/openscore-string-quartets/sets/6406660	#64041	254
6406804	Mozart,_Wolfgang_Amadeus/String_Quartet_No.20_in_D_major,_K.499	String Quartet No.20 in D major, K.499	4	https://musescore.com/openscore-string-quartets/sets/6406804	#64144	254
6406813	Mozart,_Wolfgang_Amadeus/String_Quartet_No.21_in_D_major,_K.575	String Quartet No.21 in D major, K.575	4	https://musescore.com/openscore-string-quartets/sets/6406813	#64145	254
6406831	Mozart,_Wolfgang_Amadeus/String_Quartet_No.22_in_B-flat_major,_K.589	String Quartet No.22 in B-flat major, K.589	4	https://musescore.com/openscore-string-quartets/sets/6406831	#64148	254
6406837	Mozart,_Wolfgang_Amadeus/String_Quartet_No.23_in_F_major,_K.590	String Quartet No.23 in F major, K.590	4	https://musescore.com/openscore-string-quartets/sets/6406837	#64149	254
6406690	Mozart,_Wolfgang_Amadeus/String_Quartet_No.2_in_D_major,_K.155134a	String Quartet No.2 in D major, K.155/134a	3	https://musescore.com/openscore-string-quartets/sets/6406690	#64042	254
6406714	Mozart,_Wolfgang_Amadeus/String_Quartet_No.3_in_G_major,_K.156_(K._134b)	String Quartet No.3 in G major, K.156 (K. 134b)	3	https://musescore.com/openscore-string-quartets/sets/6406714	#64043	254
5790447	Mozart,_Wolfgang_Amadeus/String_Quartet_No.4_in_C_major,_K.157	String Quartet No.4 in C major, K.157	3	https://musescore.com/openscore-string-quartets/sets/5790447	#64122	254
6406747	Mozart,_Wolfgang_Amadeus/String_Quartet_No.5_in_F_major,_K.158	String Quartet No.5 in F major, K.158	3	https://musescore.com/openscore-string-quartets/sets/6406747	#64125	254
6406759	Mozart,_Wolfgang_Amadeus/String_Quartet_No.6_in_B-flat_major,_K.159	String Quartet No.6 in B-flat major, K.159	3	https://musescore.com/openscore-string-quartets/sets/6406759	#64126	254
6406786	Mozart,_Wolfgang_Amadeus/String_Quartet_No.7_in_E-flat_major,_K.160159a	String Quartet No.7 in E-flat major, K.160/159a	3	https://musescore.com/openscore-string-quartets/sets/6406786	#64127	254
14256779	Mozart,_Wolfgang_Amadeus/String_Quartet_No.8_in_F_major,_K.168	String Quartet No.8 in F major, K.168	4	https://musescore.com/openscore-string-quartets/sets/14256779	#64129	254
14261363	Mozart,_Wolfgang_Amadeus/String_Quartet_No.9_in_A_major,_K.169	String Quartet No.9 in A major, K.169	4	https://musescore.com/openscore-string-quartets/sets/14261363	#64131	254
5108505	Müller-Hermann,_Johanna/String_Quartet,_Op.6	String Quartet, Op.6	4	https://musescore.com/openscore-string-quartets/sets/5108505	#557707	534512
5108849	Nielsen,_Carl/String_Quartet_No.1,_Op.13	String Quartet No.1, Op.13	4	https://musescore.com/openscore-string-quartets/sets/5108849	#173684	205139
14704487	Onslow,_George/String_Quartet_No.28_in_E-flat_major,_Op.54	String Quartet No.28 in E-flat major, Op.54	4	https://musescore.com/openscore-string-quartets/sets/14704487	#327286	380935
5108574	Ravel,_Maurice/String_Quartet_in_F_major	String Quartet in F major	4	https://musescore.com/openscore-string-quartets/sets/5108574	#335585	1178
5108850	Reger,_Max/String_Quartet_No.1,_Op.54_No.1	String Quartet No.1, Op.54 No.1	4	https://musescore.com/openscore-string-quartets/sets/5108850	#53714	57139
5684022	Reger,_Max/String_Quartet_No.2,_Op.54_No.2	String Quartet No.2, Op.54 No.2	3	https://musescore.com/openscore-string-quartets/sets/5684022	#53715	57139
5684058	Reger,_Max/String_Quartet_No.3,_Op.74	String Quartet No.3, Op.74	4	https://musescore.com/openscore-string-quartets/sets/5684058	#53739	57139
5108851	Reger,_Max/String_Quartet_No.4,_Op.109	String Quartet No.4, Op.109	4	https://musescore.com/openscore-string-quartets/sets/5108851	#54043	57139
5684082	Reger,_Max/String_Quartet_No.5,_Op.121	String Quartet No.5, Op.121	4	https://musescore.com/openscore-string-quartets/sets/5684082	#233166	57139
5108602	Saint-Georges,_Joseph_Bologne/String_Quartet_in_C_major,_Op.1_No.1	String Quartet in C major, Op.1 No.1	2	https://musescore.com/openscore-string-quartets/sets/5108602	#80710	726953
5108605	Saint-Georges,_Joseph_Bologne/String_Quartet_in_C_minor,_Op.1_No.4	String Quartet in C minor, Op.1 No.4	2	https://musescore.com/openscore-string-quartets/sets/5108605	#80710	726953
5108607	Saint-Georges,_Joseph_Bologne/String_Quartet_in_D_major,_Op.1_No.6	String Quartet in D major, Op.1 No.6	2	https://musescore.com/openscore-string-quartets/sets/5108607	#80710	726953
5108603	Saint-Georges,_Joseph_Bologne/String_Quartet_in_E-flat_major,_Op.1_No.2	String Quartet in E-flat major, Op.1 No.2	2	https://musescore.com/openscore-string-quartets/sets/5108603	#80710	726953
5108604	Saint-Georges,_Joseph_Bologne/String_Quartet_in_G_minor,_Op.1_No.3	String Quartet in G minor, Op.1 No.3	2	https://musescore.com/openscore-string-quartets/sets/5108604	#80710	726953
5108606	Saint-Georges,_Joseph_Bologne/String_Quartet_in_G_minor,_Op.1_No.5	String Quartet in G minor, Op.1 No.5	2	https://musescore.com/openscore-string-quartets/sets/5108606	#80710	726953
13145872	Schubert,_Franz/String_Quartet_in_A_minor,_D.804,_No.13	String Quartet in A minor, D.804, No.13	4	https://musescore.com/openscore-string-quartets/sets/13145872	#04040	7312
13145233	Schubert,_Franz/String_Quartet_in_B-flat_major,_D.36,_No.3	String Quartet in B-flat major, D.36, No.3	4	https://musescore.com/openscore-string-quartets/sets/13145233	#03660 	7312
5162489	Schubert,_Franz/String_Quartet_in_C_minor,_D.703,_No.12	String Quartet in C minor, D.703, No.12	1	https://musescore.com/openscore-string-quartets/sets/5162489	#04039	7312
5108909	Schubert,_Franz/String_Quartet_in_D_minor,_D.810,_No.14_(“Death_and_the_Maiden”)	String Quartet in D minor, D.810, No.14 (“Death and the Maiden”)	4	https://musescore.com/openscore-string-quartets/sets/5108909	#04047	7312
13145797	Schubert,_Franz/String_Quartet_in_E-flat_major,_D.87,_No.10	String Quartet in E-flat major, D.87, No.10	4	https://musescore.com/openscore-string-quartets/sets/13145797	#03961	7312
13145830	Schubert,_Franz/String_Quartet_in_E_major,_D.353,_No.11	String Quartet in E major, D.353, No.11	4	https://musescore.com/openscore-string-quartets/sets/13145830	#04001	7312
5108910	Schubert,_Franz/String_Quartet_in_G_major,_D.887,_No.15	String Quartet in G major, D.887, No.15	4	https://musescore.com/openscore-string-quartets/sets/5108910	#04050	7312
5108568	Schubert,_Franz/String_Quartet_in_G_minor,_D.18,_No.1	String Quartet in G minor, D.18, No.1	4	https://musescore.com/openscore-string-quartets/sets/5108568	#03643 	7312
5108911	Schulhoff,_Erwin/String_Quartet_No.1	String Quartet No.1	4	https://musescore.com/openscore-string-quartets/sets/5108911	#581718	89540
5108569	Schumann,_Robert/String_Quartet_No.1,_Op.41_No.1	String Quartet No.1, Op.41 No.1	4	https://musescore.com/openscore-string-quartets/sets/5108569	#289569	7351
5108912	Schumann,_Robert/String_Quartet_No.2,_Op.41_No.2	String Quartet No.2, Op.41 No.2	4	https://musescore.com/openscore-string-quartets/sets/5108912	#289570	7351
5108913	Schumann,_Robert/String_Quartet_No.3,_Op.41_No.3	String Quartet No.3, Op.41 No.3	4	https://musescore.com/openscore-string-quartets/sets/5108913	#289667	7351
5108519	Smetana,_Bedřich/String_Quartet_No.1	String Quartet No.1	4	https://musescore.com/openscore-string-quartets/sets/5108519	#362678	48173
5108481	Smyth,_Ethel/String_Quartet_in_E_minor	String Quartet in E minor	4	https://musescore.com/openscore-string-quartets/sets/5108481	#346160	236599
5108863	Spohr,_Louis/String_Quartet_No.1,_Op.4_No.1	String Quartet No.1, Op.4 No.1	4	https://musescore.com/openscore-string-quartets/sets/5108863	#68912	57226
5108861	Stanford,_Charles_Villiers/String_Quartet_No.1,_Op.44	String Quartet No.1, Op.44	4	https://musescore.com/openscore-string-quartets/sets/5108861	#67817	368264
5108860	Stenhammar,_Wilhelm/String_Quartet_No.1,_Op.2	String Quartet No.1, Op.2	4	https://musescore.com/openscore-string-quartets/sets/5108860	#68086	435688
5108859	Stenhammar,_Wilhelm/String_Quartet_No.4	String Quartet No.4	4	https://musescore.com/openscore-string-quartets/sets/5108859	#68100	435688
5108858	Strauss,_Richard/String_Quartet_in_A_major,_Op.2	String Quartet in A major, Op.2	4	https://musescore.com/openscore-string-quartets/sets/5108858	#79337	13894
5531432	Suk,_Josef/String_Quartet_No.1,_Op.11	String Quartet No.1, Op.11	4	https://musescore.com/openscore-string-quartets/sets/5531432	#44031	312700
5108570	Tchaikovsky,_Pyotr_Ilyich/String_Quartet_No.1,_Op.11	String Quartet No.1, Op.11	4	https://musescore.com/openscore-string-quartets/sets/5108570	#519207	7315
5108571	Verdi,_Giuseppe/String_Quartet	String Quartet	4	https://musescore.com/openscore-string-quartets/sets/5108571	#106276	7317
6744169	Vieuxtemps,_Henri/String_Quartet_No.1,_Op.44	String Quartet No.1, Op.44	4	https://musescore.com/openscore-string-quartets/sets/6744169	#80494	312790
6278536	Viotti,_Giovanni_Battista/String_Quartet_in_E_minor,_W_2a.2	String Quartet in E minor, W 2a.2	3	https://musescore.com/openscore-string-quartets/sets/6278536	#551376	313188
6278530	Viotti,_Giovanni_Battista/String_Quartet_in_G_minor,_W_2a.1	String Quartet in G minor, W 2a.1	3	https://musescore.com/openscore-string-quartets/sets/6278530	#556234	313188
5626515	Wolf,_Hugo/Italian_Serenade	Italian Serenade	1	https://musescore.com/openscore-string-quartets/sets/5626515	#40911	215747
5574612	Wolf,_Hugo/String_Quartet	String Quartet	4	https://musescore.com/openscore-string-quartets/sets/5574612	#322751	215747
5108575	Zemlinsky,_Alexander_von/String_Quartet_No.1,_Op.4	String Quartet No.1, Op.4	4	https://musescore.com/openscore-string-quartets/sets/5108575	#27833	78524
5684136	Zemlinsky,_Alexander_von/String_Quartet_No.2,_Op.15	String Quartet No.2, Op.15	6	https://musescore.com/openscore-string-quartets/sets/5684136	#57303	78524
5684175	Zemlinsky,_Alexander_von/String_Quartet_No.3,_Op.19	String Quartet No.3, Op.19	4	https://musescore.com/openscore-string-quartets/sets/5684175	#647870	78524
